<ImportExportXml xmlns:xsi="http://www.w3.org/2001/XMLSchema-instance">
  <Entities></Entities>
  <Roles></Roles>
  <Workflows></Workflows>
  <FieldSecurityProfiles></FieldSecurityProfiles>
  <Templates />
  <EntityMaps />
  <EntityRelationships />
  <OrganizationSettings />
  <optionsets />
  <CustomControls />
  <EntityDataProviders />
  <CanvasApps>
    <CanvasApp>
      <Name>new_customvisiontest_161ef</Name>
      <AppVersion>2021-12-02T23:29:07Z</AppVersion>
      <Status>Ready</Status>
      <CreatedByClientVersion>3.21111.36.0</CreatedByClientVersion>
      <MinClientVersion>3.21111.36.0</MinClientVersion>
      <Tags>{"primaryDeviceWidth":"1366","primaryDeviceHeight":"768","sienaVersion":"4034031b-b2f4-4845-ba32-93b13166df72","deviceCapabilities":"","supportsPortrait":"true","supportsLandscape":"true","primaryFormFactor":"Tablet","publisherVersion":"3.21111.36","minimumRequiredApiVersion":"2.2.0","hasComponent":"false","hasUnlockedComponent":"false","isUnifiedRootApp":"false"}</Tags>
      <IsCdsUpgraded>0</IsCdsUpgraded>
      <GalleryItemId xsi:nil="true"></GalleryItemId>
      <BackgroundColor>rgba(237, 28, 171, 1)</BackgroundColor>
      <DisplayName>Custom Vision Demo</DisplayName>
      <Description xsi:nil="true"></Description>
      <CommitMessage xsi:nil="true"></CommitMessage>
      <Publisher xsi:nil="true"></Publisher>
      <AuthorizationReferences>[]</AuthorizationReferences>
      <ConnectionReferences>{"45ecf961-666c-4d84-bc9e-bb15c29b2451":{"id":"/providers/microsoft.powerapps/apis/shared_cognitiveservicescustomvision","xrmConnectionReferenceLogicalName":"new_CustomVision","displayName":"Custom Vision","iconUri":"https://connectoricons-prod.azureedge.net/releases/v1.0.1481/1.0.1481.2460/cognitiveservicescustomvision/icon.png","dataSources":["CustomVision"],"dependencies":[],"dependents":[],"parameterHints":{},"parameterHintsV2":{},"isOnPremiseConnection":false,"sharedConnectionId":"39f084ce-7806-4030-a0f1-6243cc0c9239","bypassConsent":false,"dataSets":{},"apiTier":"Standard","actions":["DetectImageV2"]},"228aabda-7160-4218-9745-8baff6d3c0c2":{"id":"/providers/microsoft.powerapps/apis/shared_azureblob","xrmConnectionReferenceLogicalName":"new_AzureBlobStorageConnector","displayName":"Azure Blob Storage","iconUri":"https://connectoricons-prod.azureedge.net/releases/v1.0.1531/1.0.1531.2596/azureblob/icon.png","dataSources":["AzureBlobStorage"],"dependencies":[],"dependents":[],"parameterHints":{},"parameterHintsV2":{},"isOnPremiseConnection":false,"sharedConnectionId":"ab800042-c287-49e0-a7c3-9658c1aa0010","bypassConsent":false,"dataSets":{},"apiTier":"Premium","actions":["ListFolderV4","GetFileContent"],"endpoints":["lindaimages"]}}</ConnectionReferences>
      <DatabaseReferences>{}</DatabaseReferences>
      <AppComponents>[]</AppComponents>
      <AppComponentDependencies>[]</AppComponentDependencies>
      <CanvasAppType>0</CanvasAppType>
      <BypassConsent>0</BypassConsent>
      <AdminControlBypassConsent>0</AdminControlBypassConsent>
      <EmbeddedApp xsi:nil="true"></EmbeddedApp>
      <IntroducedVersion>1.0</IntroducedVersion>
      <CdsDependencies>{"cdsdependencies":[{"logicalname":"new_CustomVision","componenttype":10049,"componenttypeplatformname":"ConnectionReference"},{"logicalname":"new_AzureBlobStorageConnector","componenttype":10049,"componenttypeplatformname":"ConnectionReference"}]}</CdsDependencies>
      <IsCustomizable>1</IsCustomizable>
      <BackgroundImageUri>/CanvasApps/new_customvisiontest_161ef_BackgroundImageUri</BackgroundImageUri>
      <DocumentUri>/CanvasApps/new_customvisiontest_161ef_DocumentUri.msapp</DocumentUri>
    </CanvasApp>
  </CanvasApps>
  <connectionreferences>
    <connectionreference connectionreferencelogicalname="new_AzureBlobStorageConnector">
      <connectionreferencedisplayname>Azure Blob Storage Connector</connectionreferencedisplayname>
      <connectorid>/providers/Microsoft.PowerApps/apis/shared_azureblob</connectorid>
      <iscustomizable>1</iscustomizable>
      <statecode>0</statecode>
      <statuscode>1</statuscode>
    </connectionreference>
    <connectionreference connectionreferencelogicalname="new_CustomVision">
      <connectionreferencedisplayname>Custom Vision Connector</connectionreferencedisplayname>
      <connectorid>/providers/Microsoft.PowerApps/apis/shared_cognitiveservicescustomvision</connectorid>
      <description>Custom Vision connector</description>
      <iscustomizable>1</iscustomizable>
      <statecode>0</statecode>
      <statuscode>1</statuscode>
    </connectionreference>
  </connectionreferences>
  <Languages>
    <Language>1033</Language>
  </Languages>
</ImportExportXml>