<ImportExportXml xmlns:xsi="http://www.w3.org/2001/XMLSchema-instance">
  <Entities></Entities>
  <Roles></Roles>
  <Workflows></Workflows>
  <FieldSecurityProfiles></FieldSecurityProfiles>
  <Templates />
  <EntityMaps />
  <EntityRelationships />
  <OrganizationSettings />
  <optionsets />
  <CustomControls />
  <EntityDataProviders />
  <CanvasApps>
    <CanvasApp>
      <Name>new_customvisiontest_161ef</Name>
      <AppVersion>2021-11-15T06:04:06Z</AppVersion>
      <Status>Ready</Status>
      <CreatedByClientVersion>3.21102.25.0</CreatedByClientVersion>
      <MinClientVersion>3.21102.25.0</MinClientVersion>
      <Tags>{"primaryDeviceWidth":"1366","primaryDeviceHeight":"768","sienaVersion":"c72c693f-6a2c-4ac1-be67-0dc09214ea08","deviceCapabilities":"","supportsPortrait":"true","supportsLandscape":"true","primaryFormFactor":"Tablet","publisherVersion":"3.21102.25","minimumRequiredApiVersion":"2.2.0","hasComponent":"false","hasUnlockedComponent":"false","isUnifiedRootApp":"false"}</Tags>
      <IsCdsUpgraded>0</IsCdsUpgraded>
      <GalleryItemId xsi:nil="true"></GalleryItemId>
      <BackgroundColor>rgba(237, 28, 171, 1)</BackgroundColor>
      <DisplayName>Custom Vision Demo</DisplayName>
      <Description xsi:nil="true"></Description>
      <CommitMessage xsi:nil="true"></CommitMessage>
      <Publisher xsi:nil="true"></Publisher>
      <AuthorizationReferences>[]</AuthorizationReferences>
      <ConnectionReferences>{"477300b6-16d6-45f4-8e88-03b936fc1fd5":{"id":"/providers/microsoft.powerapps/apis/shared_cognitiveservicescustomvision","displayName":"Custom Vision","iconUri":"https://connectoricons-prod.azureedge.net/releases/v1.0.1481/1.0.1481.2460/cognitiveservicescustomvision/icon.png","dataSources":["CustomVision"],"dependencies":[],"dependents":[],"parameterHints":{},"parameterHintsV2":{},"isOnPremiseConnection":false,"sharedConnectionId":"99191d1a-8054-4452-a6f2-6ba06add26a0","bypassConsent":false,"dataSets":{},"apiTier":"Standard","actions":["DetectImageV2"]}}</ConnectionReferences>
      <DatabaseReferences>{}</DatabaseReferences>
      <AppComponents>[]</AppComponents>
      <AppComponentDependencies>[]</AppComponentDependencies>
      <CanConsumeAppPass>1</CanConsumeAppPass>
      <CanvasAppType>0</CanvasAppType>
      <BypassConsent>0</BypassConsent>
      <AdminControlBypassConsent>0</AdminControlBypassConsent>
      <EmbeddedApp xsi:nil="true"></EmbeddedApp>
      <IntroducedVersion>1.0</IntroducedVersion>
      <CdsDependencies>{"cdsdependencies":[]}</CdsDependencies>
      <IsCustomizable>1</IsCustomizable>
      <BackgroundImageUri>/CanvasApps/new_customvisiontest_161ef_BackgroundImageUri</BackgroundImageUri>
      <DocumentUri>/CanvasApps/new_customvisiontest_161ef_DocumentUri.msapp</DocumentUri>
    </CanvasApp>
  </CanvasApps>
  <Languages>
    <Language>1033</Language>
  </Languages>
</ImportExportXml>